Workbook

Sheet Tổng quan
A1: PHÂN CÔNG CÔNG VIỆC NHÓM – P01 (theo bộ template 00–09)
A3: Mã dự án | C3: P01 — IT Helpdesk + Security Monitoring
A4: Tên dự án | C4: IT Helpdesk & Service Request Management System × Secure Helpdesk Platform with Access Control and Security Monitoring
A5: Ngày bắt đầu tuần 1 | C5: 46314
A6: Giảng viên hướng dẫn | C6: [Họ tên]
A7: Phiên bản / ngày | C7: v1.0 / 20-10-2026
A8: Trạng thái | C8: Draft
A10: STT | B10: MSSV | C10: Họ tên | D10: Ngành | E10: Làm nhánh | F10: Vai trò chính | G10: Phụ trách (template § / FR / SR)
A11: 1 | B11: SE192700 | C11: Nguyễn Trọng Khiêm | D11: IA | E11: IA | F11: Trưởng nhóm & IA Lead | G11: Chủ trì 02 SecRS (§1–3, §6, §8–9), 07 Final Report, 08 PM & Contribution, 09 Presentation; Defect Log 04 §4; IA-HD06
A12: 2 | B12: SE193903 | C12: Nguyễn Tăng Minh Khánh | D12: IA | E12: IA | F12: IA – Access Control & AuthZ Testing | G12: IA-HD01, IA-HD02; 02 §5 Access Matrix; SEC-TC-HD-01/05/06/07; 04 §6 Evidence Index; SEC-DEMO-01
A13: 3 | B13: SE193707 | C13: Huỳnh Minh Hoà | D13: IA | E13: IA | F13: IA – Logging & Security Monitoring | G13: IA-HD04, IA-HD05; 03 §7 Audit/Monitoring Design; SEC-TC-HD-02/04; 05 §6 Logs & monitoring; SEC-DEMO-02
A14: 4 | B14: SE182824 | C14: Vũ Hồng Nhi | D14: IA | E14: IA | F14: IA – Hardening, Upload & Deployment Security | G14: IA-HD03, IA-HD07; 02 §7 Tools & hardening; 03 §8 Deployment & Trust Boundaries; 05 §3, §5, §8; SEC-TC-HD-03/08; SEC-DEMO-03
A15: 5 | B15: SE192434 | C15: Phạm Nguyễn Minh Trí | D15: SE | E15: SE | F15: SE Lead / BA + Backend 2 (Business logic) | G15: Chủ trì 01 SRS (§1–4, §9), 03 §1–2, §9 ADR, 04 §2/§5 (functional), 06 §3; HD02, HD06, HD07, HD09–HD12
A16: 6 | B16: SE200624 | C16: Lê Phú Cường | D16: AI | E16: SE | F16: Backend 1 (DB, Auth, CRUD API) | G16: 01 §5–7 (BR, Use Case, Data); 03 §3–4, §6; 05 §7; HD01, HD03, HD04, HD05, HD08, HD13, HD15
A17: 7 | B17: SE196524 | C17: Nguyễn Nhật Chính | D17: IS | E17: SE | F17: Frontend (ReactJS) + Deployment | G17: 01 §8 NFR; 03 §5 Screen flow & Wireframes; 05 §1, §2, §4; 06 §1–2; UI + HD14 Dashboard; Docker Compose
A19: Mã định danh (template 00 §02)
A20: Loại | B20: Ví dụ | C20: Ý nghĩa
A21: FR | B21: HD05 | C21: Chức năng phần mềm
A22: SR | B22: IA-HD02 | C22: Yêu cầu bảo mật
A23: BR | B23: BR-HD-01 | C23: Quy tắc nghiệp vụ
A24: TC | B24: TC-HD-01 | C24: Kiểm thử nghiệp vụ
A25: ST | B25: SEC-TC-HD-01 | C25: Kiểm thử bảo mật (SEC-TC-HD-01 = SEC-TC-101, SEC-TC-HD-02 = SEC-TC-102 trong đề)
A26: EV | B26: EV-HD-01 | C26: Bằng chứng: ảnh, log, video
A28: Quy tắc áp dụng cho sheet (template 00 §03):
A29: • Việc chỉ được chọn 'Done' khi đã có Evidence (EV-ID hoặc link). Chọn Done mà ô Evidence trống, ô Trạng thái sẽ tô đỏ.
A30: • Mọi FR mức Must có: người phụ trách, acceptance criteria, trạng thái và ít nhất 1 test case (xem sheet Traceability).
A31: • Không đưa mật khẩu/token thật vào báo cáo, evidence hoặc repository. Log làm bằng chứng phải được che thông tin nhạy cảm.
A32: • Mọi thay đổi sau Review 1 (cuối tuần 2) phải tăng phiên bản tài liệu và ghi vào 08 §5.
A33: • 4 bạn ngành IA làm nhánh IA; bạn ngành SE cùng 2 bạn ngành AI và IS làm nhánh SE.
A35: Chú thích: nền xanh lá = IA · nền xanh dương = SE · ô vàng = ô cần nhập/cập nhật.
A36: Nguồn: Fall2026_OJT_SE_IA.docx; Fall2026_OJT_5_Mini_Projects_Software_Requirements.docx; templates 00–09.

Sheet Phân công chi tiết
A1: Task ID | B1: Tuần | C1: Từ ngày | D1: Đến ngày | E1: Mốc tuần (kế hoạch + nộp tài liệu) | F1: MSSV | G1: Họ tên | H1: Ngành | I1: Nhánh | J1: Công việc | K1: Chi tiết công việc | L1: Đầu ra | M1: Tài liệu / mục template | N1: Liên kết FR / BR / SR / TC | O1: Trạng thái | P1: Evidence (EV-ID / link) | Q1: Commit / PR | R1: Ghi chú
A2: T1-01 | B2: 1 | C2: ='Tổng quan'!$C$5+(B2-1)*7 -> 46314 | D2: =C2+6 -> 46320 | E2: Duyệt rủi ro & requirement; SRS Lite + BPMN + backlog | F2: SE192700 | G2: Nguyễn Trọng Khiêm | H2: IA | I2: IA | J2: Kickoff + Threat Model v1 | K2: Tạo repo theo cấu trúc docs/, evidence/, diagrams/, src/; board backlog; điền header (Mã P01, tên, thành viên, GV, version) cho 10 template. Viết Scope & Assets (C/I/A), Data classification, DFD có trust boundaries + bảng STRIDE TH-01…; mở file 08 tuần 1. | L2: Repo + board; SecRS §1–3 draft; 08 tuần 1 | M2: 00 §04; 02 §1, §2, §3; 08 §2 | N2: IA-HD01–HD07 | O2: To do
A3: T1-02 | B3: 1 | C3: ='Tổng quan'!$C$5+(B3-1)*7 -> 46314 | D3: =C3+6 -> 46320 | E3: Duyệt rủi ro & requirement; SRS Lite + BPMN + backlog | F3: SE193903 | G3: Nguyễn Tăng Minh Khánh | H3: IA | I3: IA | J3: SR IA-HD01/02 + abuse cases | K3: Viết dòng IA-HD01, IA-HD02 trong bảng Security Requirements (control, FR liên kết, acceptance criteria, validation method). Liệt kê abuse cases đổi ticket ID; góp ý cột 'Giới hạn' trong bảng Actors của SRS. | L3: 02 §4 (HD01–02); abuse cases | M3: 02 §4; 01 §2 (review) | N3: IA-HD01, IA-HD02 ↔ HD01, HD05 | O3: To do
A4: T1-03 | B4: 1 | C4: ='Tổng quan'!$C$5+(B4-1)*7 -> 46314 | D4: =C4+6 -> 46320 | E4: Duyệt rủi ro & requirement; SRS Lite + BPMN + backlog | F4: SE193707 | G4: Huỳnh Minh Hoà | H4: IA | I4: IA | J4: SR IA-HD04/05 + chọn công cụ log | K4: Viết dòng IA-HD04 (event bắt buộc: login, lỗi phân quyền, đổi quyền, assignment), IA-HD05 (ngưỡng login sai, truy cập ticket trái phép). Khảo sát Wazuh vs logs + Python rules theo RAM VM. | L4: 02 §4 (HD04–05); đề xuất tool monitoring | M4: 02 §4, §7 (draft) | N4: IA-HD04, IA-HD05 ↔ HD09 | O4: To do
A5: T1-04 | B5: 1 | C5: ='Tổng quan'!$C$5+(B5-1)*7 -> 46314 | D5: =C5+6 -> 46320 | E5: Duyệt rủi ro & requirement; SRS Lite + BPMN + backlog | F5: SE182824 | G5: Vũ Hồng Nhi | H5: IA | I5: IA | J5: SR IA-HD03/07 + dựng lab | K5: Viết dòng IA-HD03 (loại file, dung lượng, kiểm soát download) và IA-HD07 (TLS, headers, secrets, service permissions). Dựng lab: VM, Docker, mạng nội bộ; nháp bảng Security tools. | L5: 02 §4 (HD03, HD07); sơ đồ lab | M5: 02 §4, §7 (draft) | N5: IA-HD03, IA-HD07 ↔ HD04 | O5: To do
A6: T1-05 | B6: 1 | C6: ='Tổng quan'!$C$5+(B6-1)*7 -> 46314 | D6: =C6+6 -> 46320 | E6: Duyệt rủi ro & requirement; SRS Lite + BPMN + backlog | F6: SE192434 | G6: Phạm Nguyễn Minh Trí | H6: SE | I6: SE | J6: SRS: tổng quan, actor, BPMN, FR | K6: Viết SRS §1 (problem, 3 KPI, in/out scope MVP HD01–HD14, giả định phụ thuộc IA), §2 Actors & Permissions (Employee/IT Staff/IT Manager/Admin), §3 BPMN Level 0 + Level 1 cho P1 tiếp nhận–xử lý, P2 SLA, P3 mở lại; §4 FR HD01–HD15 có Given/When/Then và Owner. Chốt stack backend. | L6: SRS §1–4 draft; BPMN; backlog | M6: 01 §1, §2, §3, §4 | N6: HD01–HD15 | O6: To do
A7: T1-06 | B7: 1 | C7: ='Tổng quan'!$C$5+(B7-1)*7 -> 46314 | D7: =C7+6 -> 46320 | E7: Duyệt rủi ro & requirement; SRS Lite + BPMN + backlog | F7: SE200624 | G7: Lê Phú Cường | H7: AI | I7: SE | J7: SRS: Business Rules + Use Case | K7: Viết SRS §5 Business Rules BR-HD-01…05 (Resolved cần giải pháp; chỉ owner/Manager đóng-mở lại; SLA theo ưu tiên; Closed không sửa trực tiếp; 1 người phụ trách chính). §6 Use Case Specification UC-01…05 (Đăng nhập, Tạo ticket, Đính kèm, Xem ticket, Trao đổi). | L7: SRS §5, §6 (phần 1) | M7: 01 §5, §6 | N7: BR-HD-01…05; HD01, HD03–HD05, HD08 | O7: To do
A8: T1-07 | B8: 1 | C8: ='Tổng quan'!$C$5+(B8-1)*7 -> 46314 | D8: =C8+6 -> 46320 | E8: Duyệt rủi ro & requirement; SRS Lite + BPMN + backlog | F8: SE196524 | G8: Nguyễn Nhật Chính | H8: IS | I8: SE | J8: NFR + screen flow + FE skeleton | K8: Viết SRS §8 NFR (NFR01–08: auth, toàn vẹn dữ liệu, usability, phân trang <2s, audit, maintainability, testability, Docker). Nháp screen flow theo 4 role; khởi tạo ReactJS + Vite + Ant Design/MUI. | L8: SRS §8; screen flow draft; FE skeleton | M8: 01 §8; 03 §5 (draft) | N8: NFR01–NFR08 | O8: To do
A9: T2-01 | B9: 2 | C9: ='Tổng quan'!$C$5+(B9-1)*7 -> 46321 | D9: =C9+6 -> 46327 | E9: Review 1; NỘP 01 SRS, 02 SecRS, 03 SDD; scope baseline có GV xác nhận | F9: SE192700 | G9: Nguyễn Trọng Khiêm | H9: IA | I9: IA | J9: Nộp SRS/SecRS/SDD + Review 1 | K9: Viết SecRS §6 Security Testing Plan (SEC-TC-HD-01…08 → TH/SR → EV) và §8 Risk Register. Lập bảng Component/API ↔ Controls ↔ SR/NFR trong SDD §8. Gộp & nộp 01/02/03 v1.0, dẫn Review 1, ghi scope baseline vào 08 §5. | L9: SecRS v1.0; SDD mapping table; biên bản Review 1 | M9: 02 §6, §8; 03 §8 (bảng mapping); 08 §5 | N9: SEC-TC-HD-01…08 | O9: To do
A10: T2-02 | B10: 2 | C10: ='Tổng quan'!$C$5+(B10-1)*7 -> 46321 | D10: =C10+6 -> 46327 | E10: Review 1; NỘP 01 SRS, 02 SecRS, 03 SDD; scope baseline có GV xác nhận | F10: SE193903 | G10: Nguyễn Tăng Minh Khánh | H10: IA | I10: IA | J10: Role & Object-Level Access Matrix | K10: Lập ma trận endpoint × Employee/IT Staff/IT Manager/Admin (Own only / Assigned only / All / As policy) cho tickets, comments, attachments, users, reports. Cùng Cường viết SDD §6 phần RBAC + object check. | L10: Access Matrix v1 | M10: 02 §5; 03 §6 (đồng viết) | N10: IA-HD01, IA-HD02 ↔ HD01, HD05, HD06, HD10 | O10: To do
A11: T2-03 | B11: 2 | C11: ='Tổng quan'!$C$5+(B11-1)*7 -> 46321 | D11: =C11+6 -> 46327 | E11: Review 1; NỘP 01 SRS, 02 SecRS, 03 SDD; scope baseline có GV xác nhận | F11: SE193707 | G11: Huỳnh Minh Hoà | H11: IA | I11: IA | J11: Audit / Monitoring Design | K11: Viết SDD §7: danh mục sự kiện, trường actor/timestamp/target/outcome/IP, không log secret/token; luồng app/syslog → Wazuh (hoặc file + Python rules). Hoàn thiện mục monitoring trong SecRS §7. | L11: SDD §7; Audit Log Policy | M11: 03 §7; 02 §7 | N11: IA-HD04 ↔ HD09, NFR05 | O11: To do
A12: T2-04 | B12: 2 | C12: ='Tổng quan'!$C$5+(B12-1)*7 -> 46321 | D12: =C12+6 -> 46327 | E12: Review 1; NỘP 01 SRS, 02 SecRS, 03 SDD; scope baseline có GV xác nhận | F12: SE182824 | G12: Vũ Hồng Nhi | H12: IA | I12: IA | J12: Deployment & Trust Boundaries | K12: Viết SDD §8: containers, ports, TLS termination tại reverse proxy, DB chỉ nội bộ, backup. Hoàn thiện SecRS §7 (ZAP, Gitleaks, Trivy, Nginx/WAF – scope chỉ máy lab). Cài Gitleaks pre-commit / GitHub Action. | L12: SDD §8; SecRS §7; Gitleaks config | M12: 03 §8; 02 §7 | N12: IA-HD07 | O12: To do
A13: T2-05 | B13: 2 | C13: ='Tổng quan'!$C$5+(B13-1)*7 -> 46321 | D13: =C13+6 -> 46327 | E13: Review 1; NỘP 01 SRS, 02 SecRS, 03 SDD; scope baseline có GV xác nhận | F13: SE192434 | G13: Phạm Nguyễn Minh Trí | H13: SE | I13: SE | J13: SRS v1.0 + kiến trúc + ADR | K13: Hoàn thiện SRS §6 (UC-06…: Phân công, Cập nhật trạng thái, Đóng/Mở lại, SLA) và §9 Traceability (FR ↔ BR ↔ SR ↔ TC). SDD §1 Architecture Overview, §2 Component Diagram, §9 ADR (stack backend, JWT, Docker…). | L13: SRS v1.0; SDD §1, §2, §9 | M13: 01 §6, §9; 03 §1, §2, §9 | N13: HD06, HD07, HD10–HD12 | O13: To do
... A50: T7-07 | B50: 7 | C50: ='Tổng quan'!$C$5+(B50-1)*7 -> 46356 | D50: =C50+6 -> 46362 | E50: Final Review; NỘP 06 User Guide, 07 Final Report, 09 Presentation | F50: SE196524 | G50: Nguyễn Nhật Chính | H50: IS | I50: SE | J50: User Guide (Employee/IT Staff) + video | K50: 06 §1 Getting started (URL demo, tài khoản demo không nhạy cảm), §2 hướng dẫn Employee & IT Staff có ảnh; 07 §8 Known issues & next steps; slide 10 (phần functional); quay video demo dự phòng. | L50: 06 §1, §2 (phần); 07 §8; video | M50: 06 §1, §2; 07 §8; 09 slide 10 | N50: NFR08 | O50: To do

Sheet Tài liệu bàn giao
A1: Mã | B1: Tài liệu (template) | C1: Chủ trì theo template | D1: Mục / phần | E1: Người viết chính | F1: Hỗ trợ / review | G1: Hạn (tuần) | H1: Hạn (ngày) | I1: Trạng thái | J1: Phiên bản | K1: Link file
A2: 00 | B2: Hướng dẫn & Checklist | C2: Trưởng nhóm | D2: §04 Cấu trúc thư mục repo | E2: Khiêm | F2: — | G2: 1 | H2: ='Tổng quan'!$C$5+G2*7-1 -> 46320 | I2: Draft | J2: v1.0
A3: 01 | B3: SRS – Yêu cầu phần mềm | C3: SE + IA review | D3: §1 Tổng quan (problem, KPI, scope) | E3: Minh Trí | F3: Khiêm | G3: 2 | H3: ='Tổng quan'!$C$5+G3*7-1 -> 46327 | I3: Draft | J3: v1.0
A4: 01 | B4: SRS – Yêu cầu phần mềm | C4: SE + IA review | D4: §2 Stakeholders, Actors & Permissions | E4: Minh Trí | F4: Minh Khánh | G4: 2 | H4: ='Tổng quan'!$C$5+G4*7-1 -> 46327 | I4: Draft | J4: v1.0
A5: 01 | B5: SRS – Yêu cầu phần mềm | C5: SE + IA review | D5: §3 Quy trình nghiệp vụ (BPMN L0, L1) | E5: Minh Trí | F5: — | G5: 2 | H5: ='Tổng quan'!$C$5+G5*7-1 -> 46327 | I5: Draft | J5: v1.0
A6: 01 | B6: SRS – Yêu cầu phần mềm | C6: SE + IA review | D6: §4 Functional Requirements HD01–HD15 | E6: Minh Trí | F6: Phú Cường, Nhật Chính | G6: 2 | H6: ='Tổng quan'!$C$5+G6*7-1 -> 46327 | I6: Draft | J6: v1.0
A7: 01 | B7: SRS – Yêu cầu phần mềm | C7: SE + IA review | D7: §5 Business Rules BR-HD-01…05 | E7: Phú Cường | F7: Minh Trí | G7: 2 | H7: ='Tổng quan'!$C$5+G7*7-1 -> 46327 | I7: Draft | J7: v1.0
A8: 01 | B8: SRS – Yêu cầu phần mềm | C8: SE + IA review | D8: §6 Use Case Specification | E8: Phú Cường, Minh Trí | F8: — | G8: 2 | H8: ='Tổng quan'!$C$5+G8*7-1 -> 46327 | I8: Draft | J8: v1.0
A9: 01 | B9: SRS – Yêu cầu phần mềm | C9: SE + IA review | D9: §7 Data requirements | E9: Phú Cường | F9: — | G9: 2 | H9: ='Tổng quan'!$C$5+G9*7-1 -> 46327 | I9: Draft | J9: v1.0
A10: 01 | B10: SRS – Yêu cầu phần mềm | C10: SE + IA review | D10: §8 Non-functional Requirements | E10: Nhật Chính | F10: Hồng Nhi | G10: 2 | H10: ='Tổng quan'!$C$5+G10*7-1 -> 46327 | I10: Draft | J10: v1.0
A11: 01 | B11: SRS – Yêu cầu phần mềm | C11: SE + IA review | D11: §9 Traceability & Sign-off | E11: Minh Trí | F11: Khiêm | G11: 2 | H11: ='Tổng quan'!$C$5+G11*7-1 -> 46327 | I11: Draft | J11: v1.0
A12: 02 | B12: SecRS & Threat Model | C12: IA + SE review | D12: §1 Scope & Assets | E12: Khiêm | F12: — | G12: 2 | H12: ='Tổng quan'!$C$5+G12*7-1 -> 46327 | I12: Draft | J12: v1.0
A13: 02 | B13: SecRS & Threat Model | C13: IA + SE review | D13: §2 Data classification | E13: Khiêm | F13: Minh Hoà | G13: 2 | H13: ='Tổng quan'!$C$5+G13*7-1 -> 46327 | I13: Draft | J13: v1.0
... A71: 09 | B71: Final Presentation Outline | C71: SE + IA | D71: Slide 11–12: Contributions, Conclusions & Q&A | E71: Khiêm | F71: — | G71: 7 | H71: ='Tổng quan'!$C$5+G71*7-1 -> 46362 | I71: Draft | J71: v1.0
A73: Mốc nộp theo template 00: 01, 02, 03 cuối tuần 2 (03 cập nhật tuần 5) · 04 tuần 4–6 · 05 tuần 6 · 06, 07, 09 tuần 7 · 08 cập nhật hàng tuần. Lưu file theo docs/01_SRS.docx … docs/09_Presentation.pptx.

Sheet Ma trận tuần
A1: Tuần | B1: Từ ngày | C1: Mốc tuần | D1: Nguyễn Trọng Khiêm (IA → IA) | E1: Nguyễn Tăng Minh Khánh (IA → IA) | F1: Huỳnh Minh Hoà (IA → IA) | G1: Vũ Hồng Nhi (IA → IA) | H1: Phạm Nguyễn Minh Trí (SE → SE) | I1: Lê Phú Cường (AI → SE) | J1: Nguyễn Nhật Chính (IS → SE)
A2: 1 | B2: ='Tổng quan'!$C$5+(A2-1)*7 -> 46314 | C2: Duyệt rủi ro & requirement; SRS Lite + BPMN + backlog | D2: Kickoff + Threat Model v1 → Repo + board; SecRS §1–3 draft; 08 tuần 1 [00 §04; 02 §1, §2, §3; 08 §2] | E2: SR IA-HD01/02 + abuse cases → 02 §4 (HD01–02); abuse cases [02 §4; 01 §2 (review)] | F2: SR IA-HD04/05 + chọn công cụ log → 02 §4 (HD04–05); đề xuất tool monitoring [02 §4, §7 (draft)] | G2: SR IA-HD03/07 + dựng lab → 02 §4 (HD03, HD07); sơ đồ lab [02 §4, §7 (draft)] | H2: SRS: tổng quan, actor, BPMN, FR → SRS §1–4 draft; BPMN; backlog [01 §1, §2, §3, §4] | I2: SRS: Business Rules + Use Case → SRS §5, §6 (phần 1) [01 §5, §6] | J2: NFR + screen flow + FE skeleton → SRS §8; screen flow draft; FE skeleton [01 §8; 03 §5 (draft)]
A3: 2 | B3: ='Tổng quan'!$C$5+(A3-1)*7 -> 46321 | C3: Review 1; NỘP 01 SRS, 02 SecRS, 03 SDD; scope baseline có GV xác nhận | D3: Nộp SRS/SecRS/SDD + Review 1 → SecRS v1.0; SDD mapping table; biên bản Review 1 [02 §6, §8; 03 §8 (bảng mapping); 08 §5] | E3: Role & Object-Level Access Matrix → Access Matrix v1 [02 §5; 03 §6 (đồng viết)] | F3: Audit / Monitoring Design → SDD §7; Audit Log Policy [03 §7; 02 §7] | G3: Deployment & Trust Boundaries → SDD §8; SecRS §7; Gitleaks config [03 §8; 02 §7] | H3: SRS v1.0 + kiến trúc + ADR → SRS v1.0; SDD §1, §2, §9 [01 §6, §9; 03 §1, §2, §9] | I3: Data model, ERD, API, Auth design → SRS §7; ERD; API spec [01 §7; 03 §3, §4, §6] | J3: Screen flow, wireframe, Docker → SDD §5; docker-compose.yml [03 §5]
A4: 3 | B4: ='Tổng quan'!$C$5+(A4-1)*7 -> 46328 | C4: Demo authentication & access checks; demo core modules | D4: Test strategy + Defect Log → 04 §1, §3 khung, §4 khung [04 §1, §3, §4; 08 §2] | E4: SEC-TC IDOR + leo thang quyền → Kết quả SEC-TC-HD-01, 05; EV; BUG [04 §3, §4] | F4: SEC-TC brute-force + dựng monitoring → Kết quả SEC-TC-HD-02 (v1); môi trường monitoring [04 §3] | G4: Secrets & container scanning → Scan report; EV; BUG [04 §3, §4] | H4: Danh mục + SLAConfig + test env → API danh mục; seed users; TC-HD-02 [04 §1, §2] | I4: Auth + RBAC + Ticket CRUD → Auth module; Ticket API; TC-HD-01/03/05 [04 §2] | J4: FE: Login + Ticket → FE login + ticket screens [—]
A5: 4 | B5: ='Tổng quan'!$C$5+(A5-1)*7 -> 46335 | C5: Review bảo mật nghiệp vụ; demo E2E lõi; bắt đầu 04 Test | D5: Threat Model v2 + review nghiệp vụ → SecRS §3, §8 v1.1 [02 §3, §8; 08 §2, §4] | E5: SEC-TC workflow bypass → Kết quả SEC-TC-HD-06; EV; BUG [04 §3, §4] | F5: SEC-TC audit log + detection rules → Kết quả SEC-TC-HD-04; detection rules v1 [04 §3] | G5: SEC-TC upload → Kết quả SEC-TC-HD-03; EV; BUG [04 §3, §4] | H5: Workflow chính + business rules → Workflow module; TC-HD-06/07/09/10 [04 §2] | I5: Upload + comment + audit events → Attachment & Comment API; TC-HD-04/08 [04 §2, §4] | J5: FE: Workflow UI → FE workflow screens; EV [04 §6 (EV)]
A6: 5 | B6: ='Tổng quan'!$C$5+(A6-1)*7 -> 46342 | C6: Integrated security demo; Review 2: MVP; CẬP NHẬT 03 SDD | D6: Integrated security demo + SDD v2 → Demo script; SRS §9 v1.1; SDD v2 [01 §9; 03 §8; 08 §2, §5] | E6: Rate limit + SEC-TC input + retest → Rate-limit config; SEC-TC-HD-07; retest [04 §3, §4] | F6: Alerting + SDD §7 v2 → Alert EV; SEC-TC-HD-02 PASS; SDD §7 v2 [03 §7; 04 §3] | G6: Reverse proxy + TLS + WAF → Hardening config; SEC-TC-HD-08; SDD §8 v2 [03 §8; 04 §3] | H6: SLA + reporting API + Review 2 → SLA module; TC-HD-11/12; SDD §1–2 v2 [03 §1, §2; 04 §2] | I6: Search + lockout + rating → Search/rating API; lockout; TC-HD-13/15 [03 §4; 04 §2] | J6: Dashboard + Admin + deploy lab → Dashboard/Admin UI; bản deploy lab; TC-HD-14 [03 §5; 04 §2]
A7: 6 | B7: ='Tổng quan'!$C$5+(A7-1)*7 -> 46349 | C7: Before/after report; HOÀN TẤT 04 Test; NỘP 05 Deployment | D7: Before/After + Test summary (security) → Before/After report; 04 §4–5; 02 §9 draft [04 §4, §5; 02 §9] | E7: ZAP scan + Evidence Index → ZAP report after; 04 §6 [04 §3, §6; 02 §5] | F7: Retest + Logs & monitoring guide → Security Logs EV; 05 §6 [04 §3; 05 §6] | G7: Deployment guide (security) + backup → 05 §3, §5, §8 + checklist; restore EV [04 §3; 05 §3, §5, §8] | H7: Regression + Test summary (functional) → 04 §2 hoàn tất; 04 §5 [04 §2, §5] | I7: Unit/Integration test + Troubleshooting → Test results; fix commits; 05 §7 [04 §2, §4; 05 §7] | J7: E2E + cài đặt, start/stop → E2E results; 05 §1, §2, §4 [05 §1, §2, §4]
A8: 7 | B8: ='Tổng quan'!$C$5+(A8-1)*7 -> 46356 | C8: Final Review; NỘP 06 User Guide, 07 Final Report, 09 Presentation | D8: Final Report + slide + 08 final → 07 (phần chủ trì); 02 §9; slide; 08 final [07 §1, §5, §7, §9; 02 §9; 09 slide 6, 11, 12; 08 §3, §5] | E8: Security acceptance: SEC-TC-HD-01 → 06 SEC-DEMO-01; slide 9 [06 §4; 07 §5; 09 slide 9] | F8: Security acceptance: SEC-TC-HD-02 → 06 SEC-DEMO-02; slide 7 [06 §4; 07 §5; 09 slide 7] | G8: Remediation evidence + slide 10 → 06 SEC-DEMO-03; slide 7, 10 [06 §4; 07 §5; 09 slide 7, 10] | H8: User Guide workflow + Final demo → 06 §3; 07 §2, §4, §6; slide 1–4, 8 [06 §3; 07 §2, §4, §6; 09 slide 1–4, 8; 01 sign-off] | I8: User Guide (Manager/Admin) + kiến trúc → 06 §2 (phần), §5; 07 §3; slide 5 [06 §2, §5; 07 §3; 09 slide 5] | J8: User Guide (Employee/IT Staff) + video → 06 §1, §2 (phần); 07 §8; video [06 §1, §2; 07 §8; 09 slide 10]

Sheet Sprint Tracker (08)
A1: Week | B1: Từ ngày | C1: Milestones | D1: SE deliverable | E1: IA deliverable | F1: Dependencies (SE ↔ IA) | G1: Review status
A2: 1 | B2: ='Tổng quan'!$C$5+(A2-1)*7 -> 46314 | C2: Kickoff; duyệt rủi ro & requirement | D2: SRS §1–6, §8 draft; BPMN L0/L1; backlog; FE skeleton | E2: SecRS §1–4 draft (Assets, Data class., STRIDE, IA-HD01–07); lab | F2: IA cần actor/FR từ SRS; SE ghi giả định phụ thuộc IA vào SRS §1 | G2: Pending
A3: 2 | B3: ='Tổng quan'!$C$5+(A3-1)*7 -> 46321 | C3: Review 1; nộp 01 SRS, 02 SecRS, 03 SDD; scope baseline | D3: SRS v1.0; SDD §1–6, §9 (kiến trúc, ERD, API, wireframe, ADR) | E3: SecRS v1.0 (§5 Access Matrix, §6 Test Plan, §7 Tools, §8 Risk); SDD §7–8 | F3: Access Matrix ↔ API endpoints; audit log format ↔ backend | G3: Pending
A4: 3 | B4: ='Tổng quan'!$C$5+(A4-1)*7 -> 46328 | C4: Demo auth & access checks; core modules | D4: Auth JWT + RBAC, Ticket CRUD, FE login/ticket; TC-HD-01/02/03/05 | E4: 04 §1; SEC-TC-HD-01/02/05; secrets scan; Defect Log | F4: IA cần API chạy được + test users theo từng role | G4: Pending
A5: 4 | B5: ='Tổng quan'!$C$5+(A5-1)*7 -> 46335 | C5: Review bảo mật nghiệp vụ; demo E2E lõi | D5: Workflow HD06/07/09/10, upload, comment, audit events; TC-HD-04/06–10 | E5: SEC-TC-HD-03/04/06; Threat Model v2; Risk Register v1.1 | F5: SE sửa BUG tuần 3; IA cần workflow API + audit events | G5: Pending
A6: 5 | B6: ='Tổng quan'!$C$5+(A6-1)*7 -> 46342 | C6: Integrated security demo; Review 2 MVP; cập nhật 03 SDD | D6: SLA, Dashboard, Search, Admin, deploy lab; TC-HD-11–15; SDD v2 | E6: Rate limit, TLS/headers/WAF, alerting; SEC-TC-HD-02/07/08; SDD §7–8 v2 | F6: Deploy sau reverse proxy (Chính ↔ Nhi); lockout (Cường ↔ Khánh) | G6: Pending
A7: 6 | B7: ='Tổng quan'!$C$5+(A7-1)*7 -> 46349 | C7: Hoàn tất 04 Test; nộp 05 Deployment; before/after report | D7: Regression, unit/integration, 04 §2/§5; 05 §1, §2, §4, §7 | E7: ZAP after, retest, Evidence Index; 05 §3, §5, §6, §8; Before/After | F7: Mọi BUG High phải fix trước retest; build đóng băng cuối tuần 6 | G7: Pending
A8: 7 | B8: ='Tổng quan'!$C$5+(A8-1)*7 -> 46356 | C8: Final Review; nộp 06, 07, 09; bảo vệ | D8: 06 §1–3, §5; 07 §2–4, §6, §8; slide 1–5, 8, 10 | E8: 06 §4 SEC-DEMO; 07 §1, §5, §7, §9; 02 §9 sign-off; slide 6, 7, 9–12 | F8: Dùng chung 1 bản build + dữ liệu demo; video dự phòng | G8: Pending

Sheet RACI (08)
A1: Workstream | B1: Khiêm (IA) | C1: Minh Khánh (IA) | D1: Minh Hoà (IA) | E1: Hồng Nhi (IA) | F1: Minh Trí (SE) | G1: Phú Cường (SE) | H1: Nhật Chính (SE)
A2: BA / SRS (01) | B2: C | C2: C | D2: I | E2: I | F2: A/R | G2: R | H2: C
A3: Security / SecRS & Threat Model (02) | B3: A/R | C3: R | D3: R | E3: R | F3: C | G3: C | H3: I
A4: System & Security Design (03) | B4: C | C4: C | D4: R | E4: R | F4: A/R | G4: R | H4: R
A5: Backend API | B5: I | C5: C | D5: C | E5: I | F5: A/R | G5: R | H5: I
A6: Frontend | B6: I | C6: I | D6: I | E6: I | F6: C | G6: C | H6: A/R
A7: Security testing SEC-TC (04 §3) | B7: A | C7: R | D7: R | E7: R | F7: C | G7: C | H7: I
A8: Logging & Monitoring | B8: C | C8: I | D8: A/R | E8: C | F8: C | G8: R | H8: I
A9: Hardening & Deployment (05) | B9: C | C9: C | D9: R | E9: A/R | F9: I | G9: R | H9: R
A10: Functional testing / Integration (04) | B10: R | C10: R | D10: R | E10: R | F10: A/R | G10: R | H10: R
A11: User Guide & Demo (06) | B11: C | C11: R | D11: R | E11: R | F11: A/R | G11: R | H11: R
A12: Final Report & Handover (07) | B12: A/R | C12: C | D12: C | E12: R | F12: R | G12: R | H12: R
... A14: Final Presentation (09) | B14: A/R | C14: R | D14: R | E14: R | F14: R | G14: R | H14: R
A16: R = Responsible (làm) · A = Accountable (chịu trách nhiệm cuối, 1 người/dòng) · C = Consulted (góp ý) · I = Informed (được thông báo)

Sheet Traceability
A1: FR | B1: Chức năng | C1: Priority | D1: Owner SE | E1: Business Rule | F1: Security SR | G1: Owner IA | H1: Test case | I1: Security test | J1: Evidence (dự kiến) | K1: Tuần dev | L1: Status
A2: HD01 | B2: Đăng nhập và phân quyền | C2: Must | D2: Phú Cường | E2: — | F2: IA-HD01, IA-HD05 | G2: Minh Khánh, Minh Hoà | H2: TC-HD-01 | I2: SEC-TC-HD-02, SEC-TC-HD-05 | J2: EV-HD-01 | K2: 3 | L2: Draft
A3: HD02 | B3: Quản lý danh mục | C3: Must | D3: Minh Trí | E3: — | F3: IA-HD01 | G3: Minh Khánh | H3: TC-HD-02 | I3: — | J3: EV-HD-02 | K3: 3 | L3: Draft
A4: HD03 | B4: Tạo ticket | C4: Must | D4: Phú Cường | E4: — | F4: IA-HD06 | G4: Khiêm | H4: TC-HD-03 | I4: SEC-TC-HD-07 | J4: EV-HD-03 | K4: 3 | L4: Draft
A5: HD04 | B5: Đính kèm file | C5: Must | D5: Phú Cường | E5: — | F5: IA-HD03 | G5: Hồng Nhi | H5: TC-HD-04 | I5: SEC-TC-HD-03 | J5: EV-HD-04 | K5: 4 | L5: Draft
A6: HD05 | B6: Xem ticket | C6: Must | D6: Phú Cường | E6: — | F6: IA-HD02 | G6: Minh Khánh | H6: TC-HD-05 | I6: SEC-TC-HD-01 | J6: EV-HD-05 | K6: 3 | L6: Draft
A7: HD06 | B7: Phân công | C7: Must | D7: Minh Trí | E7: BR-HD-05 | F7: IA-HD01, IA-HD04 | G7: Minh Khánh, Minh Hoà | H7: TC-HD-06 | I7: SEC-TC-HD-06 | J7: EV-HD-06 | K7: 4 | L7: Draft
A8: HD07 | B8: Cập nhật trạng thái | C8: Must | D8: Minh Trí | E8: BR-HD-01 | F8: IA-HD02 | G8: Minh Khánh | H8: TC-HD-07 | I8: SEC-TC-HD-06 | J8: EV-HD-07 | K8: 4 | L8: Draft
A9: HD08 | B9: Trao đổi | C9: Must | D9: Phú Cường | E9: — | F9: IA-HD02, IA-HD06 | G9: Minh Khánh | H9: TC-HD-08 | I9: SEC-TC-HD-07 | J9: EV-HD-08 | K9: 4 | L9: Draft
A10: HD09 | B10: Nhật ký xử lý | C10: Must | D10: Minh Trí | E10: BR-HD-04 | F10: IA-HD04 | G10: Minh Hoà | H10: TC-HD-09 | I10: SEC-TC-HD-04 | J10: EV-HD-09 | K10: 4 | L10: Draft
A11: HD10 | B11: Đóng / mở lại | C11: Must | D11: Minh Trí | E11: BR-HD-02, BR-HD-04 | F11: IA-HD01, IA-HD02 | G11: Minh Khánh | H11: TC-HD-10 | I11: SEC-TC-HD-06 | J11: EV-HD-10 | K11: 4 | L11: Draft
A12: HD11 | B12: SLA | C12: Must | D12: Minh Trí | E12: BR-HD-03 | F12: — | G12: — | H12: TC-HD-11 | I12: — | J12: EV-HD-11 | K12: 5 | L12: Draft
A13: HD12 | B13: Cảnh báo SLA | C13: Must | D13: Minh Trí, Nhật Chính | E13: BR-HD-03 | F13: — | G13: — | H13: TC-HD-12 | I13: — | J13: EV-HD-12 | K13: 5 | L13: Draft
... A17: (Hạ tầng) | B17: Deploy, reverse proxy, TLS, secrets | C17: — | D17: Nhật Chính | E17: — | F17: IA-HD07 | G17: Hồng Nhi | H17: — | I17: SEC-TC-HD-08 | J17: EV-HD-28 | K17: 5 | L17: Draft
A20: Business Rules (01 §5)
A21: Rule ID | B21: Quy tắc | E21: Liên kết FR | F21: Owner
A22: BR-HD-01 | B22: Chỉ chuyển sang Resolved khi có nội dung giải pháp | E22: HD07 | F22: Minh Trí
A23: BR-HD-02 | B23: Chỉ Employee sở hữu ticket hoặc IT Manager được đóng/mở lại | E23: HD10 | F23: Minh Trí
A24: BR-HD-03 | B24: SLA tính từ lúc tạo theo mức ưu tiên (MVP: giờ liên tục) | E24: HD11, HD12 | F24: Minh Trí
A25: BR-HD-04 | B25: Ticket Closed không sửa trực tiếp; reopen phải ghi lịch sử | E25: HD09, HD10 | F25: Minh Trí
A26: BR-HD-05 | B26: Một ticket có một người phụ trách chính tại một thời điểm | E26: HD06 | F26: Minh Trí
A29: Security Test Cases (02 §6 / 04 §3)
A30: SEC-TC ID | B30: Kịch bản (chỉ trong lab) | E30: SR | F30: Owner | G30: Tuần chạy | H30: Mã trong đề | I30: Evidence (dự kiến) | J30: Expected
A31: SEC-TC-HD-01 | B31: Employee A đọc/sửa ticket của Employee B bằng đổi ID | E31: IA-HD02 | F31: Minh Khánh | G31: 3, 6, 7 | H31: SEC-TC-101 | I31: EV-HD-21 | J31: 403/404 + audit event
A32: SEC-TC-HD-02 | B32: Đăng nhập sai nhiều lần liên tiếp | E32: IA-HD05 | F32: Minh Hoà | G32: 3, 5, 7 | H32: SEC-TC-102 | I32: EV-HD-22 | J32: Bị giới hạn + cảnh báo
A33: SEC-TC-HD-03 | B33: Upload file sai loại/quá dung lượng/path traversal; tải file ticket khác | E33: IA-HD03 | F33: Hồng Nhi | G33: 4, 6 | H33: — | I33: EV-HD-23 | J33: Từ chối + log
A34: SEC-TC-HD-04 | B34: Kiểm tra audit log: login, 403, đổi quyền, assignment, đổi trạng thái | E34: IA-HD04 | F34: Minh Hoà | G34: 4, 6 | H34: — | I34: EV-HD-24 | J34: Đủ event, không lộ secret
A35: SEC-TC-HD-05 | B35: Employee/IT Staff gọi API dành cho Manager/Admin | E35: IA-HD01 | F35: Minh Khánh | G35: 3, 6 | H35: — | I35: EV-HD-25 | J35: 403 + audit event
A36: SEC-TC-HD-06 | B36: Bypass workflow: nhảy trạng thái, sửa ticket Closed, mass assignment | E36: IA-HD01, IA-HD02 | F36: Minh Khánh | G36: 4, 6 | H36: — | I36: EV-HD-26 | J36: Từ chối theo BR
A37: SEC-TC-HD-07 | B37: XSS ở mô tả/bình luận, SQLi ở tìm kiếm | E37: IA-HD06 | F37: Minh Khánh | G37: 5, 6 | H37: — | I37: EV-HD-27 | J37: Input được xử lý an toàn
A38: SEC-TC-HD-08 | B38: TLS, security headers, secrets trong repo/image | E38: IA-HD07 | F38: Hồng Nhi | G38: 3, 5, 6 | H38: — | I38: EV-HD-28 | J38: Đạt checklist hardening

Sheet Contribution (08)
A1: Student | B1: MSSV | C1: Role | D1: Task IDs | E1: Commit / PR / doc link | F1: Outcome
A2: Nguyễn Trọng Khiêm | B2: SE192700 | C2: IA – Trưởng nhóm & IA Lead | D2: T1-01, T2-01, T3-01, T4-01, T5-01, T6-01, T7-01
A3: Nguyễn Tăng Minh Khánh | B3: SE193903 | C3: IA – IA – Access Control & AuthZ Testing | D3: T1-02, T2-02, T3-02, T4-02, T5-02, T6-02, T7-02
A4: Huỳnh Minh Hoà | B4: SE193707 | C4: IA – IA – Logging & Security Monitoring | D4: T1-03, T2-03, T3-03, T4-03, T5-03, T6-03, T7-03
A5: Vũ Hồng Nhi | B5: SE182824 | C5: IA – IA – Hardening, Upload & Deployment Security | D5: T1-04, T2-04, T3-04, T4-04, T5-04, T6-04, T7-04
A6: Phạm Nguyễn Minh Trí | B6: SE192434 | C6: SE – SE Lead / BA + Backend 2 (Business logic) | D6: T1-05, T2-05, T3-05, T4-05, T5-05, T6-05, T7-05
A7: Lê Phú Cường | B7: SE200624 | C7: SE – Backend 1 (DB, Auth, CRUD API) | D7: T1-06, T2-06, T3-06, T4-06, T5-06, T6-06, T7-06
A8: Nguyễn Nhật Chính | B8: SE196524 | C8: SE – Frontend (ReactJS) + Deployment | D8: T1-07, T2-07, T3-07, T4-07, T5-07, T6-07, T7-07
A10: Task IDs khớp cột Task ID ở sheet Phân công chi tiết. Điền link commit/PR/tài liệu để chứng minh đóng góp cá nhân (10% điểm).

Sheet Risk log (08)
A1: ID | B1: Risk / blocker | C1: Owner | D1: Mitigation | E1: Due (tuần) | F1: Status
A2: R-01 | B2: VM lab không đủ RAM để chạy Wazuh | C2: Minh Hoà | D2: Dự phòng: file log + Python rules (tài liệu cho phép thay thế) | E2: 3 | F2: Open
A3: R-02 | B3: Chưa chốt stack backend (Spring Boot / ASP.NET Core) | C3: Minh Trí | D3: Chốt trong tuần 1, ghi ADR-01 ở SDD §9 | E3: 1 | F3: Open
A4: R-03 | B4: Hai bạn ngành AI và IS chưa quen web stack | C4: Minh Trí | D4: Pair programming tuần 1–3; Trí review mọi PR backend/frontend | E4: 3 | F4: Open
A5: R-04 | B5: Thay đổi scope sau Review 1 | C5: Khiêm | D5: Nộp scope baseline cuối tuần 2; mọi thay đổi tăng version + ghi 08 §5 | E5: 2 | F5: Open
A6: R-05 | B6: Lộ secret/token thật trong repo, log hoặc báo cáo | C6: Hồng Nhi | D6: Gitleaks pre-commit/CI; .env.example; che log trước khi đưa vào evidence/ | E6: 2 | F6: Open
A7: R-06 | B7: BUG phát hiện muộn, không kịp fix + retest | C7: Khiêm | D7: Đóng băng tính năng cuối tuần 5; tuần 6 chỉ fix và retest | E7: 5 | F7: Open
A8: R-07 | B8: Demo lab lỗi mạng/máy trong buổi bảo vệ | C8: Nhật Chính | D8: Video demo dự phòng + bản Docker chạy trên laptop | E8: 7 | F8: Open

Sheet Tiến độ
A1: Họ tên | B1: Nhánh | C1: Tổng việc | D1: Done | E1: In progress / Review | F1: Blocked | G1: Done thiếu evidence | H1: % Done
A2: Nguyễn Trọng Khiêm | B2: IA | C2: =COUNTIF('Phân công chi tiết'!$G:$G,A2) -> 7 | D2: =COUNTIFS('Phân công chi tiết'!$G:$G,A2,'Phân công chi tiết'!$O:$O,"Done") -> 0 | E2: =COUNTIFS('Phân công chi tiết'!$G:$G,A2,'Phân công chi tiết'!$O:$O,"In progress")+COUNTIFS('Phân công chi tiết'!$G:$G,A2,'Phân công chi tiết'!$O:$O,"Review") -> 0 | F2: =COUNTIFS('Phân công chi tiết'!$G:$G,A2,'Phân công chi tiết'!$O:$O,"Blocked") -> 0 | G2: =COUNTIFS('Phân công chi tiết'!$G:$G,A2,'Phân công chi tiết'!$O:$O,"Done",'Phân công chi tiết'!$P:$P,"") -> 0 | H2: =IF(C2=0,0,D2/C2) -> 0
A3: Nguyễn Tăng Minh Khánh | B3: IA | C3: =COUNTIF('Phân công chi tiết'!$G:$G,A3) -> 7 | D3: =COUNTIFS('Phân công chi tiết'!$G:$G,A3,'Phân công chi tiết'!$O:$O,"Done") -> 0 | E3: =COUNTIFS('Phân công chi tiết'!$G:$G,A3,'Phân công chi tiết'!$O:$O,"In progress")+COUNTIFS('Phân công chi tiết'!$G:$G,A3,'Phân công chi tiết'!$O:$O,"Review") -> 0 | F3: =COUNTIFS('Phân công chi tiết'!$G:$G,A3,'Phân công chi tiết'!$O:$O,"Blocked") -> 0 | G3: =COUNTIFS('Phân công chi tiết'!$G:$G,A3,'Phân công chi tiết'!$O:$O,"Done",'Phân công chi tiết'!$P:$P,"") -> 0 | H3: =IF(C3=0,0,D3/C3) -> 0
A4: Huỳnh Minh Hoà | B4: IA | C4: =COUNTIF('Phân công chi tiết'!$G:$G,A4) -> 7 | D4: =COUNTIFS('Phân công chi tiết'!$G:$G,A4,'Phân công chi tiết'!$O:$O,"Done") -> 0 | E4: =COUNTIFS('Phân công chi tiết'!$G:$G,A4,'Phân công chi tiết'!$O:$O,"In progress")+COUNTIFS('Phân công chi tiết'!$G:$G,A4,'Phân công chi tiết'!$O:$O,"Review") -> 0 | F4: =COUNTIFS('Phân công chi tiết'!$G:$G,A4,'Phân công chi tiết'!$O:$O,"Blocked") -> 0 | G4: =COUNTIFS('Phân công chi tiết'!$G:$G,A4,'Phân công chi tiết'!$O:$O,"Done",'Phân công chi tiết'!$P:$P,"") -> 0 | H4: =IF(C4=0,0,D4/C4) -> 0
A5: Vũ Hồng Nhi | B5: IA | C5: =COUNTIF('Phân công chi tiết'!$G:$G,A5) -> 7 | D5: =COUNTIFS('Phân công chi tiết'!$G:$G,A5,'Phân công chi tiết'!$O:$O,"Done") -> 0 | E5: =COUNTIFS('Phân công chi tiết'!$G:$G,A5,'Phân công chi tiết'!$O:$O,"In progress")+COUNTIFS('Phân công chi tiết'!$G:$G,A5,'Phân công chi tiết'!$O:$O,"Review") -> 0 | F5: =COUNTIFS('Phân công chi tiết'!$G:$G,A5,'Phân công chi tiết'!$O:$O,"Blocked") -> 0 | G5: =COUNTIFS('Phân công chi tiết'!$G:$G,A5,'Phân công chi tiết'!$O:$O,"Done",'Phân công chi tiết'!$P:$P,"") -> 0 | H5: =IF(C5=0,0,D5/C5) -> 0
A6: Phạm Nguyễn Minh Trí | B6: SE | C6: =COUNTIF('Phân công chi tiết'!$G:$G,A6) -> 7 | D6: =COUNTIFS('Phân công chi tiết'!$G:$G,A6,'Phân công chi tiết'!$O:$O,"Done") -> 0 | E6: =COUNTIFS('Phân công chi tiết'!$G:$G,A6,'Phân công chi tiết'!$O:$O,"In progress")+COUNTIFS('Phân công chi tiết'!$G:$G,A6,'Phân công chi tiết'!$O:$O,"Review") -> 0 | F6: =COUNTIFS('Phân công chi tiết'!$G:$G,A6,'Phân công chi tiết'!$O:$O,"Blocked") -> 0 | G6: =COUNTIFS('Phân công chi tiết'!$G:$G,A6,'Phân công chi tiết'!$O:$O,"Done",'Phân công chi tiết'!$P:$P,"") -> 0 | H6: =IF(C6=0,0,D6/C6) -> 0
A7: Lê Phú Cường | B7: SE | C7: =COUNTIF('Phân công chi tiết'!$G:$G,A7) -> 7 | D7: =COUNTIFS('Phân công chi tiết'!$G:$G,A7,'Phân công chi tiết'!$O:$O,"Done") -> 0 | E7: =COUNTIFS('Phân công chi tiết'!$G:$G,A7,'Phân công chi tiết'!$O:$O,"In progress")+COUNTIFS('Phân công chi tiết'!$G:$G,A7,'Phân công chi tiết'!$O:$O,"Review") -> 0 | F7: =COUNTIFS('Phân công chi tiết'!$G:$G,A7,'Phân công chi tiết'!$O:$O,"Blocked") -> 0 | G7: =COUNTIFS('Phân công chi tiết'!$G:$G,A7,'Phân công chi tiết'!$O:$O,"Done",'Phân công chi tiết'!$P:$P,"") -> 0 | H7: =IF(C7=0,0,D7/C7) -> 0
A8: Nguyễn Nhật Chính | B8: SE | C8: =COUNTIF('Phân công chi tiết'!$G:$G,A8) -> 7 | D8: =COUNTIFS('Phân công chi tiết'!$G:$G,A8,'Phân công chi tiết'!$O:$O,"Done") -> 0 | E8: =COUNTIFS('Phân công chi tiết'!$G:$G,A8,'Phân công chi tiết'!$O:$O,"In progress")+COUNTIFS('Phân công chi tiết'!$G:$G,A8,'Phân công chi tiết'!$O:$O,"Review") -> 0 | F8: =COUNTIFS('Phân công chi tiết'!$G:$G,A8,'Phân công chi tiết'!$O:$O,"Blocked") -> 0 | G8: =COUNTIFS('Phân công chi tiết'!$G:$G,A8,'Phân công chi tiết'!$O:$O,"Done",'Phân công chi tiết'!$P:$P,"") -> 0 | H8: =IF(C8=0,0,D8/C8) -> 0
A9: TỔNG NHÓM | C9: =SUM(C2:C8) -> 49 | D9: =SUM(D2:D8) -> 0 | E9: =SUM(E2:E8) -> 0 | F9: =SUM(F2:F8) -> 0 | G9: =SUM(G2:G8) -> 0 | H9: =IF(C9=0,0,D9/C9) -> 0
A12: Tuần | B12: Từ ngày | C12: Tổng việc | D12: Done | E12: % Done | F12: Tài liệu đến hạn
A13: 1 | B13: ='Tổng quan'!$C$5+(A13-1)*7 -> 46314 | C13: =COUNTIF('Phân công chi tiết'!$B:$B,A13) -> 7 | D13: =COUNTIFS('Phân công chi tiết'!$B:$B,A13,'Phân công chi tiết'!$O:$O,"Done") -> 0 | E13: =IF(C13=0,0,D13/C13) -> 0 | F13: —
A14: 2 | B14: ='Tổng quan'!$C$5+(A14-1)*7 -> 46321 | C14: =COUNTIF('Phân công chi tiết'!$B:$B,A14) -> 7 | D14: =COUNTIFS('Phân công chi tiết'!$B:$B,A14,'Phân công chi tiết'!$O:$O,"Done") -> 0 | E14: =IF(C14=0,0,D14/C14) -> 0 | F14: 01 SRS, 02 SecRS, 03 SDD
A15: 3 | B15: ='Tổng quan'!$C$5+(A15-1)*7 -> 46328 | C15: =COUNTIF('Phân công chi tiết'!$B:$B,A15) -> 7 | D15: =COUNTIFS('Phân công chi tiết'!$B:$B,A15,'Phân công chi tiết'!$O:$O,"Done") -> 0 | E15: =IF(C15=0,0,D15/C15) -> 0 | F15: 04 §1
A16: 4 | B16: ='Tổng quan'!$C$5+(A16-1)*7 -> 46335 | C16: =COUNTIF('Phân công chi tiết'!$B:$B,A16) -> 7 | D16: =COUNTIFS('Phân công chi tiết'!$B:$B,A16,'Phân công chi tiết'!$O:$O,"Done") -> 0 | E16: =IF(C16=0,0,D16/C16) -> 0 | F16: 04 (bắt đầu)
A17: 5 | B17: ='Tổng quan'!$C$5+(A17-1)*7 -> 46342 | C17: =COUNTIF('Phân công chi tiết'!$B:$B,A17) -> 7 | D17: =COUNTIFS('Phân công chi tiết'!$B:$B,A17,'Phân công chi tiết'!$O:$O,"Done") -> 0 | E17: =IF(C17=0,0,D17/C17) -> 0 | F17: 03 SDD v2
A18: 6 | B18: ='Tổng quan'!$C$5+(A18-1)*7 -> 46349 | C18: =COUNTIF('Phân công chi tiết'!$B:$B,A18) -> 7 | D18: =COUNTIFS('Phân công chi tiết'!$B:$B,A18,'Phân công chi tiết'!$O:$O,"Done") -> 0 | E18: =IF(C18=0,0,D18/C18) -> 0 | F18: 04 hoàn tất, 05 Deployment
A19: 7 | B19: ='Tổng quan'!$C$5+(A19-1)*7 -> 46356 | C19: =COUNTIF('Phân công chi tiết'!$B:$B,A19) -> 7 | D19: =COUNTIFS('Phân công chi tiết'!$B:$B,A19,'Phân công chi tiết'!$O:$O,"Done") -> 0 | E19: =IF(C19=0,0,D19/C19) -> 0 | F19: 06, 07, 09, 08 final
A21: Cập nhật cột Trạng thái + Evidence ở sheet Phân công chi tiết; bảng này tự tính.
